queueLen,theoDst
15,0.040536139090791644
25,0.010331616048709937
35,0.002779894373284751
45,0.0007703992493904888
55,0.0002175446648965063
65,6.223485303778635e-05
