totalBlocks,delay,avgHonestExTime,avgHonestProcTime,avgAdvExtTime,avgAdvProcTime,expFraction,actFraction
951,1,4771.0318255457205,4778.057157593599,15.465154284051177,18.206731036088478,0.3298114747963185,0.42259516848225404
