queueLen,mineAvgLate,mineCfi,resetAvgLate,resetAvgCfi
25,0.0008269991730008273,6.453171330633722e-20,0.000684,0.0
35,0.00024800000000000007,1.0755285551056204e-20,0.00021099999999999992,1.6132928326584305e-20
45,5.599999999999997e-05,5.377642775528102e-21,4.299999999999999e-05,2.688821387764051e-21
55,1.0999999999999996e-05,6.722053469410127e-22,4e-06,0.0
65,0.0,0.0,0.0,0.0
