queueLen,mineAvgLate,mineCfi,resetAvgLate,resetAvgCfi
25,0.0007349992650007347,4.3021142204224814e-20,0.0006360000000000001,2.1510571102112407e-20
35,0.00021600000000000005,1.0755285551056204e-20,0.00018999999999999998,5.377642775528102e-21
45,4.299999999999999e-05,2.688821387764051e-21,4e-05,0.0
55,2e-06,0.0,2e-06,0.0
65,0.0,0.0,0.0,0.0
